No,Judul Fatwa,Tema Fatwa,Nomor Fatwa,Tgl Ditetapkan
1,PANDUAN PENYELENGGARAAN IBADAH DI BULAN RAMADAN DAN SYAWAL 1442 H,Sosial Kemasyarakatan,KEPUTUSAN IJTIMA ULAMA KOMISI FATWA SE-INDONESIA TAHUN 2003,16 December 2003
2,PENGGUNAAN MIKROBA DAN PRODUK MIKROBIAL DALAM PRODUK PANGAN,POM Iptek,01 Tahun 2010,19 January 2010
3,AIR DAUR ULANG,POM Iptek,02 Tahun 2010,27 January 2010
4,KIBLAT,Ibadah,03 Tahun 2010,1 February 2010
5,ARAH KIBLAT,Ibadah,05 Tahun 2010,1 July 2010
6,PENGGUNAAN VAKSIN MENINGITIS BAGI JEMAAH HAJI ATAU UMRAH,POM Iptek,06 Tahun 2010,16 July 2010
7,KOPI LUWAK,POM Iptek,07 Tahun 2010,20 July 2010
8,AMIL ZAKAT,Ibadah,08 Tahun 2011,3 March 2011
9,PENSUCIAN ALAT PRODUKSI YANG TERKENA NAJIS MUTAWASSITHAH (NAJIS SEDANG ) DENGAN SELAIN AIR,POM Iptek,09 Tahun 2011,3 March 2011
10,CARA PENSUCIAN EKSTRAK RAGI (YEAST EKSTRACT) DARI SISA PENGOLAHAN BIR (BREWER YEAST),POM Iptek,10 Tahun 2011,3 March 2011
11,HUKUM ZAKAT ATAS HARTA HARAM,Ibadah,13 Tahun 2011,17 March 2011
12,PENYALURAN HARTA ZAKAT DALAM BENTUK ASET KELOLAAN,Ibadah,14 Tahun 2011,17 March 2011
13,"PENARIKAN, PEMELIHARAAN, DAN PENYALURAN HARTA ZAKAT",Ibadah,15 Tahun 2011,17 March 2011
14,HUKUM PEWARNA MAKANAN DAN MINUMAN DARI SERANGGA COCHINEAL,POM Iptek,33 Tahun 2011,10 August 2011
15,BADAL THAWAF IFADHAH (PELAKSANAAN THAWAF IFADHAH OLEH ORANG LAIN),Ibadah,40 Tahun 2011,24 October 2011
16,PENYEMBELIHAN HEWAN DAM ATAS HAJI TAMATTU DILUAR TANAH HARAM,Ibadah,41 Tahun 2011,24 October 2011
17,SARANG BURUNG WALET,POM Iptek,02 Tahun 2012,12 January 2012
18,KEDUDUKAN ANAK HASIL ZINA DAN PERLAKUAN TERHADAPNYA,Sosial Kemasyarakatan,11 Tahun 2012,10 March 2012
19,MENYEMIR RAMBUT,POM Iptek,23 Tahun 2012,31 May 2012
20,HUKUM MENGONSUMSI BEKICOT,POM Iptek,25 Tahun 2012,31 May 2012
21,PENYALAHGUNAAN FORMALIN DAN BAHAN BERBAHAYA LAINNYA DALAM PENANGANAN DAN PENGOLAHAN IKAN,POM Iptek,43 Tahun 2012,18 October 2012
22,PEMANFAATAN BEKICOT UNTUK KEPENTINGAN NON PANGAN,POM Iptek,24 Tahun 2012,31 May 2012
23,"PENGGUNAAN BULU, RAMBUT, DAN TANDUK DARI HEWAN HALAL YANG TIDAK DISEMBELIH SECARA SYARI UNTUK BAHAN PANGAN OBAT OBATAN DAN KOSMETIKA",POM Iptek,47 Tahun 2012,7 November 2012
24,PENGGUNAAN PLASENTA HEWAN HALAL UNTUK BAHAN OBAT,POM Iptek,48 Tahun 2012,7 November 2012
25,HUKUM HEWAN TERNAK YANG DIBERI PAKAN DARI BARANG NAJIS,POM Iptek,52 Tahun 2012,29 November 2012
26,BERISTRI LEBIH DARI EMPAT DALAM WAKTU BERSAMAAN,Sosial Kemasyarakatan,17 Tahun 2013,19 April 2013
27,STANDAR KEHALALAN PRODUK KOSMETIKA DAN PENGGUNAANNYA,POM Iptek,26 Tahun 2013,13 July 2013
28,"PENGGUNAAN SHELLAC SEBAGAI BAHAN PANGAN, OBAT-OBATAN DAN KOSMETIKA",POM Iptek,27 Tahun 2013,13 July 2013
29,SEPUTAR MASALAH DONOR AIR SUSU IBU (ISTIRDLA'),Sosial Kemasyarakatan,28 Tahun 2013,13 July 2013
30,OBAT DAN PENGOBATAN,POM Iptek,30 Tahun 2013,20 July 2013
31,PEMANFAATAN AREA MASJID UNTUK KEGIATAN SOSIAL DAN YANG BERNILAI EKONOMIS,Sosial Kemasyarakatan,34 Tahun 2013,3 August 2013
32,REKAYASA GENETIKA DAN PRODUKNYA,POM Iptek,35 Tahun 2013,3 August 2013
33,PELESTARIAN SATWA LANGKA UNTUK MENJAGA KESEIMBANGAN EKOSISTEM,Sosial Kemasyarakatan,04 Tahun 2014,22 January 2014
34,JUAL BELI TANAH UNTUK KUBURAN DAN BISNIS LAHAN KUBURAN MEWAH,Sosial Kemasyarakatan,09 Tahun 2014,20 February 2014
35,PEMBAYARAN DAM ATAS HAJI TAMATTU' DAN QIRAN SECARA KOLEKTIF,Ibadah,52 Tahun 2014,30 December 2014
36,"HUKUMAN BAGI PRODUSEN, BANDAR, PENGEDAR, DAN PENYALAH GUNA NARKOBA",Sosial Kemasyarakatan,53 Tahun 2014,30 December 2014
37,STATUS TANAH YANG DI ATASNYA ADA BANGUNAN MASJID,Sosial Kemasyarakatan,54 Tahun 2014,30 December 2014
38,PENYAMAKAN KULIT HEWAN DAN PEMANFAATANNYA,POM Iptek,56 Tahun 2014,31 December 2014
39,"LESBIAN, GAY, SODOMI, DAN PENCABULAN",Sosial Kemasyarakatan,57 Tahun 2014,31 December 2014
40,HASIL IJTIMA TAHUN 2015,HASIL IJTIMA,HASIL IJTIMA TAHUN 2015,9 June 2015
41,IMUNISASI,POM Iptek,04 Tahun 2016,23 January 2016
42,ALIRAN GERAKAN FAJAR NUSANTARA (GAFATAR),Aqidah dan Aliran Keagamaan,06 Tahun 2016,3 February 2016
43,PENCURIAN ENERGI LISTRIK,Sosial Kemasyarakatan,17 Tahun 2016,6 April 2016
44,HUKUM MENGHINA DAN MENGKAFIRKAN SAHABAT NABI MUHAMMAD SAW,Aqidah dan Aliran Keagamaan,23 Tahun 2016,17 May 2016
45,HUKUM PEMBAKARAN HUTAN DAN LAHAN SERTA PENGENDALIANNYA,Sosial Kemasyarakatan,30 Tahun 2016,27 July 2016
46,"PELAKSANAAN SHALAT JUM'AT, DZIKIR DAN KEGIATAN KEAGAMAAN DI TEMPAT SELAIN MASJID",Ibadah,53 Tahun 2016,28 November 2016
47,HUKUM MENGGUNAKAN ATRIBUT KEAGAMAAN NON-MUSLIM,Aqidah dan Aliran Keagamaan,56 Tahun 2016,14 December 2016
48,HUKUM MERAGUKAN KESEMPURNAAN AL QURAN,Ibadah,10 Tahun 2017,1 March 2017
49,MEYAKINI ADANYA KEMAS'HUMAN IMAM ('ISHAMATUL IMAM),Aqidah dan Aliran Keagamaan,11 Tahun 2017,1 March 2017
50,PRODUK VAKSIN INFLUENZA DARI HUALAN BIOLOGICAL BACTERIN CO LTD XINXIANG CHINA,POM Iptek,14 Tahun 2017,15 March 2017
51,HUKUM PENYELENGGARAN SHALAT JUMAT BAGI ORANG YANG BERADA DILUAR DAERAH UNTUK WAKTU TERTENTU,Ibadah,20 Tahun 2017,20 April 2017
52,HUKUM DAN PEDOMAN BERMUAMALAH MELALUI MEDIA SOSIAL,Sosial Kemasyarakatan,24 Tahun 2017,13 May 2017
53,UDZUR SYAR'I YANG MEMBOLEHKAN SESEORANG UNTUK MENINGGGALKAN SHALAT JUM'AT,Ibadah,47 Tahun 2017,27 October 2017
54,PRODUK MAKANAN DAN MINUMAN YANG MENGANDUNG ALKOHOL / ETANOL,POM Iptek,10 Tahun 2018,28 February 2018
55,PRODUK KOSMETIKA YANG MENGANDUNG ALKOHOL / ETANOL,POM Iptek,11 Tahun 2018,28 March 2018
56,PENGGUNAAN VAKSIN MR (MEASLES RUBELLA) PRODUK SARI SII (SERUM INSTITUTE OF INDIA) UNTUK IMUNIASASI,POM Iptek,33 Tahun 2018,20 August 2018
57,PENGGUNAAN ALKOHOL / ETANOL UNTUK BAHAN OBAT,POM Iptek,40 Tahun 2018,26 September 2018
58,HUKUM MENGONSUMSI DAGING KANGURU,POM Iptek,42 Tahun 2018,3 October 2018
59,PENGGUNAAN PLASMA DARAH UNTUK BAHAN OBAT,POM Iptek,45 Tahun 2018,17 October 2018
60,PENGGUNAAN PARTIKEL EMAS DALAM PRODUK KOSMETIKA BAGI LAKI-LAKI,POM Iptek,47 Tahun 2018,24 October 2018
61,TRANSPLANTASI ORGAN DAN ATAU / JARINGAN TUBUH UNTUK DIRI SENDIRI,Sosial Kemasyarakatan,11 Tahun 2019,8 March 2019
62,TRANSPLANTASI ORGAN DAN ATAU / ARINGAN TUBUH DARI PENDONOR MATI UNTUK ORANG LAIN,Sosial Kemasyarakatan,12 Tahun 2019,8 March 2019
63,TRANPLANTASI ORGAN DAN ATAU JARINGAN TUBUH DARI PENDONOR HIDUP UNTUK ORANG LAIN,Sosial Kemasyarakatan,13 Tahun 2019,8 March 2019
64,LARVA LALAT TENTARA HITAM (HERMETIA ILLUCENES / BLACK SOLIDER FLY),POM Iptek,24 Tahun 2019,15 May 2019
65,PENGAWETAN DAN PENDRISTIBUSIAN DAGING KURBAN DALAM BENTUK OLAHAN,Ibadah,37 Tahun 2019,7 August 2019
66,HUKUM MENGONSUMSI DAGING BAJING DAN TUPAI,POM Iptek,48 Tahun 2019,6 November 2019
67,HUKUM MELIHAT MUSHAF SAAT SHALAT,Ibadah,49 Tahun 2019,6 November 2019
68,HUKUM MENGONSUMSI DAGING BULUS,POM Iptek,51 Tahun 2019,13 November 2019
69,PENGELOLAAN SAMPAH UNTUK MENCEGAH KERUSAKAN LINGKUNGAN,Sosial Kemasyarakatan,41 Tahun 2014,7 November 2014
70,"PEMANFAATAN HARTA ZAKAT, INFAQ, SHADAQAH UNTUK PENANGGULANGAN WABAH COVID-19 DAN DAMPAKNYA",Ibadah,23 Tahun 2020,16 April 2020
71,PENYUCIAN (TATHHIR) MESIN DAN PERALATAN YANG TERKENA NAJIS BERAT (MUGHALLADZAH) DENGAN SELAIN AIR,POM Iptek,1 Tahun 2020,8 January 2020
72,BEDAH PLASTIK,POM Iptek,11 Tahun 2020,26 February 2020
73,SUNTIK BOTOX UNTUK KECANTIKAN DAN PERAWATAN,POM Iptek,21 Tahun 2020,8 April 2020
74,PANDUAN KAIFIAT TAKBIR DAN SHALAT IDUL FITRI SAAT PANDEMI COVID-19,Ibadah,28 Tahun 2020,13 May 2020
75,PENYELENGGARAAN SHALAT JUM’AT DAN JAMAAH UNTUK MENCEGAH PENULARAN WABAH COVID-19,Ibadah,31 Tahun 2020,4 June 2020
76,STANDAR SERTIFIKASI HALAL KOSMETIKA YANG TIDAK TEMBUS AIR,POM Iptek,60 Tahun 2020,10 December 2020
77,PEDOMAN KAIFIAT SHALAT BAGI TENAGA KESEHATAN YANG MEMAKAI ALAT PELINDUNG DIRI (APD) SAAT MERAWAT DAN MENANGANI PASIEN COVID-19,Ibadah,17 Tahun 2020,26 March 2020
78,PEDOMAN PENGURUSAN JENAZAH (TAJHIZ AL-JANA'IZ) MUSLIM YANG TERINFEKSI COVID-19,Ibadah,18 Tahun 2020,27 March 2020
79,SHALAT IDUL ADHA DAN PENYEMBELIHAN HEWAN KURBAN SAAT WABAH COVID-19,Ibadah,36 Tahun 2020,6 July 2020
80,PENGGUNAAN HUMAN DIPLOID CELL UNTUK BAHAN PRODUKSI OBAT DAN VAKSIN,POM Iptek,001/MUNAS X/MUI/XI/2020,26 November 2020
81,PENDAFTARAN HAJI SAAT USIA DINI,Sosial Kemasyarakatan,002/MUNAS X/MUI/XI/2020,26 November 2020
82,PEMAKAIAN MASKER BAGI ORANG YANG SEDANG IHRAM,Ibadah,003/MUNAS X/MUI/XI/2020,26 November 2020
83,PEMBAYARAN SETORAN AWAL HAJI DENGAN UTANG DAN PEMBIAYAAN,Sosial Kemasyarakatan,004/MUNAS X/MUI/XI/2020,26 November 2020
84,PENUNDAAN PENDAFTARAN HAJI BAGI YANG SUDAH MAMPU,Sosial Kemasyarakatan,005/MUNAS X/MUI/XI/2020,26 November 2020
85,"PRODUK VAKSIN COVID-19 DARI SINOVAC LIFE SCIENCES CO. LTD, CHINA DAN PT. BIO FARMA (PERSERO)",POM Iptek,02 Tahun 2021,11 January 2021
86,HUKUM PENGGUNAAN GEN SINTETIK MANUSIA SERTA REKOMBINAAN DNA UNTUK PEMBUATAN OBAT DAN VAKSIN,POM Iptek,4 Tahun 2021,13 January 2021
87,HUKUM VAKSINASI COVID-19 SAAT BERPUASA,Ibadah,13 Tahun 2021,16 March 2021
88,HUKUM MENGGUNAKAN VAKSIN COVID-19 PRODUK ASTRAZANECA,POM Iptek,14 Tahun 2021,16 March 2021
89,STANDAR SERTIFIKASI HALAL TERHADAP BARANG GUNAAN YANG BERBAHAN HEWANI,POM Iptek,15 Tahun 2021,10 March 2021
90,HUKUM EKSTRASI MADU DARI SARANG LEBAH,POM Iptek,19 Tahun 2021,24 March 2021
91,HUKUM PENGGUNAAN KOKON ULAT SUTERA UNTUK KOSMETIKA,POM Iptek,22 Tahun 2021,7 April 2021
92,HUKUM TES SWAB UNTUK DETEKSI COVID-19 SAAT BERPUASA,Ibadah,23 Tahun 2021,7 April 2021
93,HUKUM PENGGUNAAN VAKSIN COVID-19 PRODUK SINOPHARM CNBG CHINA,POM Iptek,27 Tahun 2021,1 May 2021
94,HUKUM PENYELENGGARAAN SHALAT JUM’AT SECARA VIRTUAL,Ibadah,28 Tahun 2021,1 May 2021
95,HUKUM STANDAR SERTIFIKASI HALAL PENYEMBELIHAN HEWAN DENGAN MENGGUNAKAN MESIN,POM Iptek,35 Tahun 2021,9 June 2021
96,HUKUM PENGGUNAAN VAKSIN COVID-19 PRODUK PT.PFIZER,POM Iptek,48 Tahun 2021,25 August 2021
97,HUKUM DAN PANDUAN PELAKSANAAN IBADAH KURBAN SAAT KONDISI WABAH PENYAKIT MULUT DAN KUKU,Ibadah,32 Tahun 2022,31 May 2022
98,"MASALAH JAMA'AH , KHALIFAH, DAN BAIAT",Aqidah dan Aliran Keagamaan,Fatwa MUI Tahun 1978,2 August 1978
99,ISLAM JAMA'AH,Aqidah dan Aliran Keagamaan,Fatwa MUI Tahun 1978,2 August 1978
100,AHMADIYAH QADIYAN,Aqidah dan Aliran Keagamaan,FATWA MUI TAHUN 1980,1 June 1980
101,PENDANGKALAN AGAMA DAN PENYALAHGUNAAN DALIL,Aqidah dan Aliran Keagamaan,FATWA MUI TAHUN 1980,1 June 1980
102,PERKAWINAN CAMPURAN,Aqidah dan Aliran Keagamaan,FATWA MUI TAHUN 1980,1 June 1980
103,FAHAM SYIAH,Aqidah dan Aliran Keagamaan,FATWA MUI TAHUN 1984,7 March 1984
104,ALIRAN YANG MENOLAK SUNAH/HADIS RASUL,Aqidah dan Aliran Keagamaan,FATWA MUI TAHUN 1994,27 June 1994
105,DARUL ARQAM,Aqidah dan Aliran Keagamaan,FATWA MUI TAHUN 1994,13 August 1994
106,MALAIKAT JIBRIL MENDAMPINGI MANUSIA,Aqidah dan Aliran Keagamaan,FATWA MUI TAHUN 1997,22 December 1997
107,TERORISME,HASIL IJTIMA,KEPUTUSAN IJTIMA ULAMA KOMISI FATWA SE-INDONESIA TAHUN 2003,16 December 2003
108,PERDUKUNAN (KAHANAH) DAN PERAMALAN (‘IRAFAH),Aqidah dan Aliran Keagamaan,2/MUNAS VII/MUI/6/2005,28 July 2005
109,"PLURALISME, LIBERALISME DAN SEKULARISME AGAMA",Aqidah dan Aliran Keagamaan,7/MUNAS VII/MUI/11/2005,28 July 2005
110,ALIRAN AHMADIYAH,Aqidah dan Aliran Keagamaan,11/MUNAS VII/MUI/15/2005,28 July 2005
111,ALIRAN AL-QIYADAH AL-ISLAMIYAH,Aqidah dan Aliran Keagamaan,FATWA MUI NOMOR 4 TAHUN 2007,3 October 2007
112,SHALAT JUMAT BAGI MUSAFIR DI KAPAL,Ibadah,FATWA MUI TAHUN 1976,10 February 1976
113,KEPELOPORAN PEJABAT DALAM MELAKSANAKAN IBADAH,Ibadah,Fatwa MUI Tahun 1976,10 February 1976
114,PIL ANTI HAID,Ibadah,Fatwa MUI Tahun 1979,12 January 1979
115,ISTITHA`AH DALAM MELAKSANAKAN IBADAH HAJI,Ibadah,Fatwa MUI Tahun 1979,2 February 1979
116,DO'A DAF'UL BALA,Ibadah,Fatwa MUI Tahun 1979,11 July 1979
117,Miqat Haji dan Umroh (I),Ibadah,FATWA MUI TAHUN 1980,29 March 1980
118,SHALAT DAN PUASA DI DAERAH YANG WAKTU SIANG DAN MALAMNYA TIDAK SEIMBANG,Ibadah,FATWA MUNAS MUI TAHUN 1980,1 June 1980
119,"PENENTUAN AWAL RAMADHAN, AWAL SYAWAL / IDUL FITRI DAN AWAL ZULHIJJAH / IDUL ADHA",Ibadah,FATWA MUNAS MUI TAHUN 1980,27 July 1980
120,MIQAT HAJI DAN UMRAH (II),Ibadah,FATWA MUI TAHUN 1981,19 September 1981
121,TALAK TIGA SEKALIGUS,Ibadah,FATWA MUI TAHUN 1981,24 October 1981
122,IDDAH WAFAT,Ibadah,FATWA MUI TAHUN 1981,16 December 1981
123,MABIT DI MUZDALIFAH,Ibadah,FATWA MUI TAHUN 1981,29 December 1981
124,MABIT DI MINA,Ibadah,FATWA MUI TAHUN 1981,29 December 1981
125,INTENSIFIKASI PELAKSANAAN ZAKAT,Ibadah,FATWA MUI TAHUN 1982,26 January 1982
126,MENTASHARUFKAN DANA ZAKAT UNTUK KEGIATAN PRODUKTIF DAN KEMASLAHATAN UMUM,Ibadah,FATWA MUI TAHUN 1982,2 February 1982
127,QIRA'AT SAB`AH,Ibadah,FATWA MUI TAHUN 1983,2 March 1983
128,SHALAT DALAM SATU MASJID BERTINGKAT,Ibadah,FATWA MUI TAHUN 1983,27 June 1983
129,IBADAH HAJI HANYA SEKALI SEUMUR HIDUP,Ibadah,FATWA MUI TAHUN 1984,7 March 1984
130,PEMBERIAN ZAKAT UNTUK BEASISWA,Ibadah,FATWA MUI TAHUN 1996,19 February 1996
131,MIQAT MAKANI,Ibadah,FATWA MUI TAHUN 1996,4 May 1996
132,PELAKSANAAN SHALAT JUM`AT 2 (DUA) GELOMBANG,Ibadah,FATWA MUNAS MUI TAHUN 2000,28 July 2000
133,HAJI BAGI NARAPIDANA,Ibadah,NOMOR 1 TAHUN 2001,21 April 2001
134,ZAKAT PENGHASILAN,Ibadah,NOMOR 3 TAHUN 2003,7 June 2003
135,PENGGUNAAN DANA ZAKAT UNTUK ISTITSMAR (INVESTASI),Ibadah,NOMOR 4 TAHUN 2003,1 November 2003
136,"PENETAPAN AWAL RAMADHAN, SYAWAL, DAN DZULHIJJAH",Ibadah,FATWA NOMOR 2 TAHUN 2004,24 January 2004
137,SHALAT DISERTAI TERJEMAH BACAANNYA,Ibadah,FATWA MUI NOMOR 3 TAHUN 2005,7 May 2005
138,DO'A BERSAMA,Ibadah,3/MUNAS VII/MUI/7/2005,28 July 2005
139,WANITA MENJADI IMAM SHALAT,Ibadah,9/MUNAS VII/MUI/13/2005,28 July 2005
140,HUKUM PELARANGAN KHITAN TERHADAP PEREMPUAN,Ibadah,NOMOR 9A TAHUN 2008,7 May 2008
141,SHALAT BAGI PENYANDANG STOMA (OSTOMATE),Ibadah,FATWA MUI NOMOR 7 TAHUN 2009,25 August 2009
142,PUASA BAGI PENERBANG (PILOT),Ibadah,04/MUNAS-VIII/MUI/2010,27 July 2010
143,HIDUP SEDERHANA,Sosial Kemasyarakatan,Fatwa MUI Tahun 1976,10 February 1976
144,PENULISAN AL-QUR`AN DENGAN SELAIN HURUF ARAB,Sosial Kemasyarakatan,Fatwa MUI Tahun 1977,27 June 1977
145,MENGHADAPI SIDANG UMUM MPR 1978,Sosial Kemasyarakatan,Fatwa MUI Tahun 1978,16 February 1978
146,MEMINDAHKAN JENAZAH,Sosial Kemasyarakatan,FATWA MUI TAHUN 1981,13 October 1981
147,PERAYAAN NATAL BERSAMA,Sosial Kemasyarakatan,FATWA MUI TAHUN 1981,7 March 1981
148,PANTI PIJAT,Sosial Kemasyarakatan,FATWA MUI TAHUN 1982,19 July 1982
149,"KEPENDUDUKAN, KESEHATAN DAN PEMBANGUNAN",Sosial Kemasyarakatan,FATWA MUI TAHUN 1983,20 October 1983
150,NYANYIAN DENGAN MENGGUNAKAN AYAT-AYAT SUCI AL-QURAN,Sosial Kemasyarakatan,FATWA MUI TAHUN 1983,3 December 1983
151,ADOPSI (PENGANGKATAN ANAK),Sosial Kemasyarakatan,FATWA MUI TAHUN 1984,7 March 1984
152,PENDAYAGUNAAN TANAH WARISAN,Sosial Kemasyarakatan,FATWA MUI TAHUN 1984,7 March 1984
153,MEMUSEUMKAN MAYAT,Sosial Kemasyarakatan,FATWA MUI TAHUN 1988,5 February 1988
154,HUKUM MEMERANKAN NABI / RASUL DAN ORANG SUCI DALAM FILM,Sosial Kemasyarakatan,FATWA MUI TAHUN 1988,2 June 1988
155,SUMBANGAN DANA SOSIAL BERHADIAH (SDSB) I,Sosial Kemasyarakatan,FATWA MUI TAHUN 1991,23 November 1991
156,SUMBANGAN DANA SOSIAL BERHADIAH (SDSB) II,Sosial Kemasyarakatan,Fatwa MUI Tahun 1993,12 November 1993
157,PENANGGULANGAN PENULARAN HIV/AIDS,Sosial Kemasyarakatan,FATWA MUNAS MUI TAHUN 1995,30 November 1995
158,PROSEDUR PERNIKAHAN,Sosial Kemasyarakatan,Fatwa MUI Tahun 1996,7 September 1996
159,PENGUCAPAN SIGHAT TA’LIQ TALAQ PADA WAKTU UPACARA AKAD NIKAH,Sosial Kemasyarakatan,FATWA MUI TAHUN 1996,7 September 1996
160,"TUNTUNAN SYARI’AH ISLAM DALAM BERSIKAP, BERGAUL DAN MERAWAT PENDERITA HIV/AIDS",Sosial Kemasyarakatan,FATWA MUI TAHUN 1996,7 September 1996
161,REKSADANA SYARIAH,Sosial Kemasyarakatan,Fatwa MUI Tahun 1997,30 July 1997
162,NIKAH MUT'AH,Sosial Kemasyarakatan,FATWA MUI TAHUN 1997,25 October 1997
163,KEDUDUKAN WARIA,Sosial Kemasyarakatan,FATWA MUI TAHUN 1997,11 October 1997
164,PEDOMAN PENGGALIAN DANA UNTUK PENINGKATAN KUALITAS OLAHRAGA NASIONAL,Sosial Kemasyarakatan,FATWA MUI TAHUN 1999,9 January 1999
165,"RISYWAH (SUAP), GHULUL (KORUPSI) DAN HADIAH KEPADA PEJABAT",Sosial Kemasyarakatan,FATWA MUNAS MUI TAHUN 2000,29 July 2000
166,BIAS GENDER,Sosial Kemasyarakatan,8/MUNAS VI/MUI/2000,28 July 2000
167,ABORSI (1),Sosial Kemasyarakatan,1/MUNAS VI/MUI/2000,29 July 2000
168,HAK-HAK ASASI MANUSIA,Sosial Kemasyarakatan,6/MUNAS VI/MUI/2000,29 July 2000
169,PENGIRIMAN TENAGA KERJA WANITA (TKW) KE LUAR NEGERI,Sosial Kemasyarakatan,7/MUNAS VI/MUI/2000,29 July 2000
170,PORNOGRAFI DAN PORNOAKSI,Sosial Kemasyarakatan,NOMOR 287 TAHUN 2001,22 August 2001
171,HAK CIPTA,Sosial Kemasyarakatan,FATWA MUI NOMOR 1 TAHUN 2003,18 January 2003
172,PENYERANGAN AMERIKA SERIKAT DAN SEKUTUNYA TERHADAP IRAK,Sosial Kemasyarakatan,FATWA MUI NOMOR 2 TAHUN 2003,16 April 2003
173,BUNGA (INTEREST/FA’IDAH),Sosial Kemasyarakatan,FATWA MUI NOMOR 1 TAHUN 2004,24 January 2004
174,KEWARISAN SAUDARA KANDUNG LAKI-LAKI/ SAUDARA SEBAPAK LAKI-LAKI BERSAMA ANAK PEREMPUAN TUNGGAL,Sosial Kemasyarakatan,FATWA MUI NOMOR 4 TAHUN 2004,9 October 2004
175,PENGURUSAN JENAZAH (TAJHIZ AL- JANA’IZ) DALAM KEADAAN DARURAT,Sosial Kemasyarakatan,FATWA MUI TAHUN 2004,31 December 2004
176,HUKUM ABORSI,Sosial Kemasyarakatan,1/MUNAS VI/MUI/2000,29 July 2000
177,FATWA TENTANG PORNOGRAFI DAN PORNOAKSI,Sosial Kemasyarakatan,287 TAHUN 2001,22 August 2001
178,FATWA PENYERANGAN AMERIKA SERIKAT DAN SEKUTUNYA TERHADAP IRAK,Sosial Kemasyarakatan,2 TAHUN 2003,16 April 2003
179,WAKAF UANG,Sosial Kemasyarakatan,TAHUN 2002,11 May 2002
180,HAK ASASI MANUSIA (HAM),Sosial Kemasyarakatan,6/MUNAS VI/MUI/2000,29 July 2000
181,BUNGA (Interset/ Fa'idah),HASIL IJTIMA,IJTIMA ULAMA KOMISI FATWA SE-INDONESIA TAHUN 2003,16 December 2003
182,PENEMPELAN FOTO PADA MUSHAF AL-QURAN ( Kemuliaan Qur'an),Sosial Kemasyarakatan,5 tahun 2005,12 May 2005
183,PERLINDUNGAN HAKI (Hak Kekayaan Intelektual),Sosial Kemasyarakatan,1/MUNAS VII/MUI/5/2005,28 July 2005
184,PERKAWINAN BEDA AGAMA,Sosial Kemasyarakatan,4/MUNAS VII/MUI/8/2005,28 July 2005
185,KEWARISAN BEDA AGAMA,Sosial Kemasyarakatan,5/MUNAS VII/MUI/9/2005,28 July 2005
186,KRITERIA MASLAHAT,Sosial Kemasyarakatan,6/MUNAS VII/MUI/10/2005,28 July 2005
187,PENCABUTAN HAK MILIK PRIBADI UNTUK KEPENTINGAN UMUM,Sosial Kemasyarakatan,8/MUNAS VII/MUI/12/2005,28 July 2005
188,HUKUMAN MATI DALAM TINDAK PIDANA TERTENTU,Sosial Kemasyarakatan,10/MUNAS VII/MUI/14/2005,29 July 2005
189,SMS BERHADIAH,Sosial Kemasyarakatan,9 TAHUN 2008,17 September 2008
190,NIKAH DI BAWAH TANGAN,Sosial Kemasyarakatan,10 TAHUN 2008,17 September 2008
191,PAKAIAN KERJA BAGI TENAGA MEDIS PEREMPUAN,Sosial Kemasyarakatan,04/KF/MUI/Tahun 2009,6 May 2009
192,PRODUK VAKSIN COVID-19 DARI PT. BIOTIS PHARMACEUTICALS INDONESIA,POM Iptek,FATWA MUI NOMOR 8 TAHUN 2022,7 February 2022
193,"PRODUK VAKSIN COVID-19 DARI BEIJING INSTITUTE OF BIOLOGICAL PRODUCTS CO., LTD.",POM Iptek,FATWA MUI NOMOR 9 TAHUN 2022,7 February 2022
194,HUKUM VAKSIN COVID-19 PRODUKSI SERUM INSTITUTE OF INDIA Pvt,POM Iptek,FATWA MUI NOMOR 10 TAHUN 2022,7 February 2022
195,HUKUM VAKSIN COVID-19 PRODUKSI CANSINO BIOLOGICS INC. CHINA,POM Iptek,FATWA MUI NOMOR 11 TAHUN 2022,7 February 2022
196,HUKUM MASALAH-MASALAH TERKAIT ZAKAT FITRAH,Ibadah,FATWA MUI NOMOR 65 TAHUN 2022,19 October 2022
197,PEMANFAATAN HARTA ZAKAT UNTUK PENANGGULANGAN BENCANA DAN DAMPAKNYA,Sosial Kemasyarakatan,FATWA MUI NOMOR 66 TAHUN 2022,19 October 2022
198,HUKUM ZAKAT ATAS BARANG YANG DIGADAIKAN,Ibadah,FATWA MUI NOMOR 67 TAHUN 2022,19 October 2022
199,PRODUK DAN/ATAU BAHAN YANG HARUS DILAKUKAN UJI LABORATORIUM,Sosial Kemasyarakatan,KEPUTUSAN KOMISI FATWA MUI NO 80 TAHUN 2022,3 December 2022
200,PANDUAN PENYELENGGARAAN IBADAH RAMADHAN DAN IDUL FITRI 1443 H,Sosial Kemasyarakatan,KEPUTUSAN DEWAN PIMPINAN MUI Kep-38/DP-MUI/III/2022,30 March 2022
201,TANAM BENANG UNTUK KECANTIKAN DAN PERAWATAN WAJAH,Sosial Kemasyarakatan,FATWA MUI NOMOR 40 TAHUN 2020,22 July 2020
202,FILLER UNTUK KECANTIKAN DAN PERAWATAN WAJAH,Sosial Kemasyarakatan,FATWA MUI NOMOR 41 TAHUN 2020,22 July 2020
203,"PENGGUNAAN NAMA, BENTUK DAN KEMASAN PRODUK YANG TIDAK DAPAT DISERTIFIKASI HALAL",POM Iptek,FATWA MUI NOMOR 44 TAHUN 2020,5 August 2020
204,PENYUCIAN (TATHHIR) MENGGUNAKAN CARA DRY CLEANING,Sosial Kemasyarakatan,FATWA MUI NOMOR 46 TAHUN 2020,12 August 2020
205,PENGGUNAAN STEM CELL (SEL PUNCA) UNTUK TUJUAN PENGOBATAN,POM Iptek,FATWA MUI NOMOR 51 TAHUN 2020,9 September 2020
206,PENYUCIAN (TATHHIR ) MENGGUNAKAN CARA WET CLEANING,Sosial Kemasyarakatan,FATWA MUI NOMOR 53 TAHUN 2020,16 September 2020
207,PENYALAHGUNAAN NARKOTIKA,Sosial Kemasyarakatan,FATWA MUI TAHUN 1976,10 February 1976
208,PENYEMBELIHAN HEWAN SECARA MEKANIS,POM Iptek,FATWA MUI TAHUN 1976,18 October 1976
209,VASECTOMI DAN TUBECTOMI,POM Iptek,FATWA MUI TAHUN 1979,13 June 1979
210,WASIAT MENGHIBAHKAN KORNEA MATA,POM Iptek,FATWA MUI TAHUN 1979,13 June 1979
211,BAYI TABUNG/ INSEMINASI BUATAN,POM Iptek,FATWA MUI TAHUN 1979,13 June 1979
212,OPERASI PERUBAHAN/ PENYEMPURNAAN KELAMIN,POM Iptek,2 TAHUN 1980,1 June 1980
213,MAKANAN DAN MINUMAN YANG BERCAMPUR DENGAN NAJIS,POM Iptek,FATWA MUI TAHUN 1980,1 June 1980
214,PENYAKIT KUSTA,POM Iptek,FATWA MUI TAHUN 1982,12 April 1982
215,MEMAKAN DAGING KELINCI,POM Iptek,FATWA MUI TAHUN 1983,2 March 1983
216,MEMAKAN DAN MEMBUDIDAYAKAN KODOK,POM Iptek,FATWA MUI TAHUN 1984,12 November 1984
217,PENGAMBILAN DAN PENGGUNAAN KATUP JANTUNG,POM Iptek,FATWA MUI TAHUN 1987,29 June 1987
218,HUKUM ALKOHOL DALAM MINUMAN,POM Iptek,FATWA MUI TAHUN 1993,1 October 1993
219,KLONING,POM Iptek,FATWA MUI NOMOR 3/MUNAS VI/MUI/2000,29 July 2000
220,PENGGUNAAN ORGAN TUBUH,POM Iptek,NOMOR 2/MUNAS VI/MUI/2000,30 July 2000
221,PEDOMAN PELAPORAN HASIL AUDIT PEMOTONGAN HEWAN,POM Iptek,FATWA MUI NOMOR 1 TAHUN 2001,9 December 2000
222,"PRODUK PENYEDAP RASA (MONOSODIUM GLUTAMATE, MSG) DARI PT. AJINOMOTO INDONESIA YANG MENGGUNAKAN BACTO SOYTONE",POM Iptek,FATWA MUI NOMOR 2000,16 December 2000
223,PENETAPAN PRODUK HALAL,POM Iptek,FATWA MUI TAHUN 2000,16 December 2000
224,"PRODUK PENYEDAP RASA (MONOSODIUM GLUTAMATE, MSG) DARI PT. AJINOMOTO INDONESIA YANG MENGGUNAKAN MAMENO",POM Iptek,FATWA MUI TAHUN 2001,19 February 2001
225,KEPITING,POM Iptek,FATWA MUI TAHUN 2002,15 June 2002
226,PENGGUNAAN VAKSIN POLIO KHUSUS (IPV),POM Iptek,FATWA MUI TAHUN 2002,8 October 2002
227,STANDARISASI FATWA HALAL,POM Iptek,FATWA MUI NOMOR 4 TAHUN 2003,25 May 2003
228,PENGGUANAAN VASKIN POLIO ORAL (OPV),POM Iptek,FATWA MUI NOMOR 16 TAHUN 2005,25 July 2005
229,PENGAWETAN JENAZAH UNTUK KEPENTINGAN PENELITIAN,POM Iptek,FATWA MUI NOMOR 11 TAHUN 2007,29 November 2007
230,HUKUM ALKOHOL,POM Iptek,FATWA MUI NOMOR 11 TAHUN 2009,18 November 2009
231,STANDAR SERTIFIKASI PENYEMBELIHAN HALAL,POM Iptek,FATWA MUI NOMOR 12 TAHUN 2009,2 December 2009
232,FATWA IMUNISASI,Sosial Kemasyarakatan,FATWA MUI NOMOR 04 TAHUN 2016,23 January 2016
233,HUKUM WANITA MENJADI KHATIB DALAM RANGKAIAN SHALAT JUMAT,Ibadah,Fatwa MUI Nomor 38 Tahun 2023,13 June 2023
234,HUKUM DAN PEDOMAN PENANGANAN MUSHAF TIDAK LAYAK GUNA,Sosial Kemasyarakatan,Fatwa MUI no 21 Tahun 2023,22 March 2023
235,HUKUM DAN PANDUAN PELAKSANAAN IBADAH KURBAN SAAT MEREBAKNYA PENYAKIT LSD DAN PPR PADA HEWAN KURBAN,Sosial Kemasyarakatan,Fatwa MUI Nomor 34 Tahun 2023,1 June 2023
236,PERUBAHAN DAN PENYEMPURNAAN JENIS KELAMIN,Sosial Kemasyarakatan,03/MUNAS-VIII/MUI/2010,27 July 2010
237,PENYELENGGARAN IBADAH DALAM SITUASI TERJADI WABAH COVID-19,Sosial Kemasyarakatan,Nomor: 14 Tahun 2020,16 March 2020
238,HUKUM PENYELENGGARAN SHALAT JUM'AT BAGI ORANG YANG BERADA DI LUAR DAERAH UNTUK WAKTU TERTENTU,Ibadah,Fatwa MUI No 20 Tahun 2017,20 April 2017
239,Peneguhan Bentuk dan Eksistensi Negara Kesatuan Republik Indonesia,HASIL IJTIMA,KEPUTUSAN IJTIMA’ ULAMA KOMISI FATWA MAJELIS ULAMA INDONESIA SE- INDONESIA II TAHUN 2006,26 May 2006
240,HARMONISASI KERANGKA BERFIKIR KEAGAMAAN DALAM KONTEKS KEBANGSAAN,HASIL IJTIMA,KEPUTUSAN IJTIMA’ ULAMA KOMISI FATWA MAJELIS ULAMA INDONESIA SE- INDONESIA II TAHUN 2006,26 May 2006
241,TASWIYAH AL-MANHAJ (PENYAMAAN POLA PIKIR DALAM MASALAH-MASALAH KEAGAMAAN),HASIL IJTIMA,KEPUTUSAN IJTIMA’ ULAMA KOMISI FATWA MAJELIS ULAMA INDONESIA SE- INDONESIA II TAHUN 2006,26 May 2006
242,TANSIQ AL-HARAKAH (KOORDINASI LANGKAH STRATEGIS DALAM MASALAH-MASALAH KEAGAMAAN),HASIL IJTIMA,KEPUTUSAN IJTIMA’ ULAMA KOMISI FATWA MAJELIS ULAMA INDONESIA SE- INDONESIA II TAHUN 2006,26 June 2006
243,PEMBIAYAAN PEMBANGUNAN DENGAN UTANG,HASIL IJTIMA,KEPUTUSAN IJTIMA’ ULAMA KOMISI FATWA MAJELIS ULAMA INDONESIA SE- INDONESIA II TAHUN 2006,26 May 2006
244,PENGELOLAAN SUMBER DAYA ALAM,HASIL IJTIMA,KEPUTUSAN IJTIMA’ ULAMA KOMISI FATWA MAJELIS ULAMA INDONESIA SE- INDONESIA II TAHUN 2006,26 May 2006
245,TRANSFER EMBRIO KE RAHIM TITIPAN,HASIL IJTIMA,KEPUTUSAN IJTIMA’ ULAMA KOMISI FATWA MAJELIS ULAMA INDONESIA SE- INDONESIA II TAHUN 2006,26 May 2006
246,PENGOBATAN ALTERNATIF,HASIL IJTIMA,KEPUTUSAN IJTIMA’ ULAMA KOMISI FATWA MAJELIS ULAMA INDONESIA SE- INDONESIA II TAHUN 2006,26 May 2006
247,RUU Anti Pornografi dan Pornoaksi,HASIL IJTIMA,KEPUTUSAN IJTIMA’ ULAMA KOMISI FATWA MAJELIS ULAMA INDONESIA SE- INDONESIA II TAHUN 2006,26 May 2006
248,MASALAH-MASALAH KRITIS DALAM AUDIT PRODUK HALAL,HASIL IJTIMA,KEPUTUSAN IJTIMA’ ULAMA KOMISI FATWA MAJELIS ULAMA INDONESIA SE- INDONESIA II TAHUN 2006,26 May 2006
249,"RUU Penghapusan Diskriminasi, Ras, dan Etnis",HASIL IJTIMA,KEPUTUSAN IJTIMA’ ULAMA KOMISI FATWA MAJELIS ULAMA INDONESIA SE- INDONESIA II TAHUN 2006,26 May 2006
250,RUU Perbankan Syariah,HASIL IJTIMA,KEPUTUSAN IJTIMA’ ULAMA KOMISI FATWA MAJELIS ULAMA INDONESIA SE- INDONESIA II TAHUN 2006,26 May 2006
251,MENJAGA EKSISTENSI NEGARA DAN KEWAJIBAN BELA NEGARA,HASIL IJTIMA,KEPUTUSAN IJTIMA’ ULAMA KOMISI FATWA SE-INDONESIA VI TAHUN 2018,9 May 2018
252,"Perda-Perda di Berbagai Daerah, Seperti Bulu-kumba, Cianjur, Cilegon, Padang, Tangerang, dan lain-lain.",HASIL IJTIMA,KEPUTUSAN IJTIMA’ ULAMA KOMISI FATWA MAJELIS ULAMA INDONESIA SE- INDONESIA II TAHUN 2006,26 May 2006
253,IMPLEMENTASI KONSEP HAM DALAM KEHIDUPAN BERBANGSA DAN BERNEGARA,HASIL IJTIMA,HASIL KEPUTUSAN IJTIMA’ ULAMA KOMISI FATWA SE- INDONESIA IV TAHUN 2012,1 June 2012
254,ETIKA BERDEMONSTRASI DAN KEBEBASAN BEREKSPRESI,HASIL IJTIMA,HASIL KEPUTUSAN IJTIMA’ ULAMA KOMISI FATWA SE- INDONESIA IV TAHUN 2012,1 June 2012
255,TALAK DI LUAR PENGADILAN,HASIL IJTIMA,HASIL IJTIMA ULAMA KOMISI FATWA SE-INDONESIA IVTAHUN 2012,1 June 2012
256,PERAN AGAMA DALAM PEMBINAAN AKHLAK BANGSA,HASIL IJTIMA,KEPUTUSAN IJTIMA’ ULAMA KOMISI FATWA SE- INDONESIA III TAHUN 2009,26 January 2009
257,TINDAK PIDANA PENCUCIAN UANG,HASIL IJTIMA,HASIL KEPUTUSAN IJTIMA’ ULAMA KOMISI FATWA SE- INDONESIA IV TAHUN 2012,1 June 2012
258,NIKOTIN SEBAGAI BAHAN AKTIF PRODUK KONSUMTIF UNTUK KEPENTINGAN PENGOBATAN,HASIL IJTIMA,HASIL KEPUTUSAN IJTIMA’ ULAMA KOMISI FATWA SE- INDONESIA IV TAHUN 2012,1 June 2012
259,"IMPLEMENTASI ISLAM RAHMATAN LIL-ALAMIN DAN SHALIHUN LIKULLI ZAMANIN WA MAKANIN DALAM KEHIDUPAN BERMASYARAKAT, BERBANGSA, DAN BERNEGARA",HASIL IJTIMA,KEPUTUSAN IJTIMA’ ULAMA KOMISI FATWA SE- INDONESIA III TAHUN 2009,26 January 2009
260,KEWAJIBAN BERTRANSAKSI SECARA SYARI’AH,HASIL IJTIMA,HASIL KEPUTUSAN IJTIMA’ ULAMA KOMISI FATWA SE- INDONESIA IV TAHUN 2012,1 June 2012
261,HUBUNGAN AGAMA DAN POLITIK DALAM KEHIDUPAN BERBANGSA DAN BERNEGARA,HASIL IJTIMA,IJTIMA’ ULAMA KOMISI FATWA SE-INDONESIA VI TAHUN 2018,9 May 2018
262,STATUS KEPEMILIKAN DANA SETORAN BPIH YANG MASUK DAFTAR TUNGGU (WAITING LIST),HASIL IJTIMA,HASIL KEPUTUSAN IJTIMA’ ULAMA KOMISI FATWA SE- INDONESIA IV TAHUN 2012,1 June 2012
263,KEPUTUSAN IJTIMA’ ULAMA KOMISI FATWA SE- INDONESIA III TAHUN 2009 UU NO. 41 TAHUN 2004 TENTANG WAKAF DAN PERATURAN PEMERINTAH NOMOR 42 TAHUN 2005 TENTANG PELAKSANAAN UNDANG-UNDANG NOMOR 41 TAHUN 2004,HASIL IJTIMA,KEPUTUSAN IJTIMA’ ULAMA KOMISI FATWA SE- INDONESIA III TAHUN 2009,26 January 2009
264,HUKUM PENEMPATAN DANA BPIH PADA BANK KONVENSIONAL,HASIL IJTIMA,HASIL KEPUTUSAN IJTIMA’ ULAMA KOMISI FATWA SE- INDONESIA IV TAHUN 2012,1 June 2012
265,FORMALIN DAN BAHAN KIMIA BERBAHAYA UNTUK PANGAN,HASIL IJTIMA,HASIL KEPUTUSAN IJTIMA’ ULAMA KOMISI FATWA SE- INDONESIA IV TAHUN 2012,1 June 2012
266,SHALAT JUMAT DI GEDUNG SERBAGUNA,HASIL IJTIMA,HASIL KEPUTUSAN IJTIMA’ ULAMA KOMISI FATWA SE- INDONESIA IV TAHUN 2012,1 June 2012
267,ZAKAT MAL UNTUK BANTUAN HUKUM,HASIL IJTIMA,IJTIMA ULAMA KOMISI FATWA SE-INDONESIA VI TAHUN 2018,9 May 2018
268,VASEKTOMI,HASIL IJTIMA,HASIL KEPUTUSAN IJTIMA’ ULAMA KOMISI FATWA SE-INDONESIA IV TAHUN 2012,1 June 2012
269,TANGGUNG JAWAB DAN WEWENANG ULIL AMRI DALAM PELAKSANAAN KEWAJIBAN PEMBAYARAN ZAKAT,HASIL IJTIMA,IJTIMA ULAMA KOMISI FATWA SE-INDONESIA VI TAHUN 2018,9 May 2018
270,OBYEK ZAKAT PENGHASILAN,HASIL IJTIMA,IJTIMA ULAMA KOMISI FATWA SE-INDONESIA VI TAHUN 2018,9 May 2018
271,TINDAK LANJUT UU NO. 44 TAHUN 2008 TENTANG PORNOGRAFI,HASIL IJTIMA,KEPUTUSAN IJTIMA’ ULAMA KOMISI FATWA SE- INDONESIA III TAHUN 2009,26 January 2009
272,KEDUDUKAN DANA ABADI UMAT SECARA SYARIAH,HASIL IJTIMA,IJTIMA ULAMA KOMISI FATWA SE-INDONESIA VI TAHUN 2018,9 May 2018
273,RUU TENTANG PEMILIHAN UMUM KEPALA DAERAH,HASIL IJTIMA,HASIL KEPUTUSAN IJTIMA’ ULAMA KOMISI FATWA SE- INDONESIA IV TAHUN 2012,1 June 2012
274,RUU KESETARAAN DAN KEADILAN GENDER,HASIL IJTIMA,HASIL KEPUTUSAN IJTIMA’ ULAMA KOMISI FATWA SE- INDONESIA IV TAHUN 2012,1 June 2012
275,RUU KUHP,HASIL IJTIMA,HASIL KEPUTUSAN IJTIMA’ ULAMA KOMISI FATWA SE- INDONESIA IV TAHUN 2012,1 June 2012
276,TINDAK LANJUT UU NO. 21 TAHUN 2008 TENTANG PERBANKAN SYARI’AH,HASIL IJTIMA,KEPUTUSAN IJTIMA’ ULAMA KOMISI FATWA SE- INDONESIA III TAHUN 2009,26 January 2009
277,RUU JAMINAN PRODUK HALAL,HASIL IJTIMA,HASIL KEPUTUSAN IJTIMA’ ULAMA KOMISI FATWA SE- INDONESIA IV TAHUN 2012,1 June 2012
278,PENYERAPAN HUKUM ISLAM KE DALAM HUKUM NASIONAL,HASIL IJTIMA,KEPUTUSAN KOMISI A MASALAH STRATEGIS KEBANGSAAN (MASAIL ASASIYAH WATHANIYAH) IJTIMA’ ULAMA KOMISI FATWA SE-INDONESIA V TAHUN 2015,9 June 2015
279,RADIKALISME AGAMA DAN PENANGGULANGANNYA,HASIL IJTIMA,KEPUTUSAN KOMISI A MASALAH STRATEGIS KEBANGSAAN (MASAIL ASASIYAH WATHANIYAH) IJTIMA’ ULAMA KOMISI FATWA SE-INDONESIA V TAHUN 2015,9 June 2015
280,KEDUDUKAN PEMIMPIN YANG TIDAK MENEPATI JANJINYA,HASIL IJTIMA,KEPUTUSAN KOMISI A MASALAH STRATEGIS KEBANGSAAN (MASAIL ASASIYAH WATHANIYAH) IJTIMA’ ULAMA KOMISI FATWA SE-INDONESIA V TAHUN 2015,9 June 2015
281,KRITERIAPENGKAFIRAN (DHAWABIT AT-TAKFIR),HASIL IJTIMA,KEPUTUSAN KOMISI A MASALAH STRATEGIS KEBANGSAAN (MASAIL ASASIYAH WATHANIYAH) IJTIMA’ ULAMA KOMISI FATWA SE-INDONESIA V TAHUN 2015,9 June 2015
282,PEMANFAATAN TANAH UNTUK KESEJAHTERAAN UMAT DAN BANGSA,HASIL IJTIMA,KEPUTUSAN KOMISI A MASALAH STRATEGIS KEBANGSAAN (MASAIL ASASIYAH WATHANIYAH) IJTIMA’ ULAMA KOMISI FATWA SE-INDONESIA V TAHUN 2015,9 June 2015
283,HAJI BERULANG,HASIL IJTIMA,KEPUTUSAN KOMISI B1 MASALAH FIKIH KONTEMPORER (MASAIL FIQHIYAH MU’ASHIROH) IJTIMA’ ULAMA KOMISI FATWA SE-INDONESIA V TAHUN 2015,9 June 2015
284,HUKUM MEMBANGUN MASJID BEDEKATAN,HASIL IJTIMA,KEPUTUSAN KOMISI B1 MASALAH FIKIH KONTEMPORER (MASAIL FIQHIYAH MU’ASHIROH) IJTIMA’ ULAMA KOMISI FATWA SE-INDONESIA V TAHUN 2015,9 June 2015
285,HAK PENGASUHAN ANAK BAGI ORANG TUA YANG BERCERAI KARENA BEDA AGAMA,HASIL IJTIMA,KEPUTUSAN KOMISI B1 MASALAH FIKIH KONTEMPORER (MASAIL FIQHIYAH MU’ASHIROH) IJTIMA’ ULAMA KOMISI FATWA SE-INDONESIA V TAHUN 2015,9 June 2015
286,PANDUAN KESEHATAN NASIONAL DAN JAMINAN KESEHATAN,HASIL IJTIMA,KEPUTUSAN KOMISI B 2 MASAIL FIQHIYAH MU'ASHIRAH(MASALAH FIKIH KONTEMPORER) IJTIMA’ ULAMA KOMISI FATWA SE INDONESIA V TAHUN 2015,9 June 2015
287,STATUS HUKUM IURAN DAN MANFAAT PENSIUN DAN HUBUNGAN DENGAN TIRKAH,HASIL IJTIMA,KEPUTUSAN KOMISI B 2 MASAIL FIQHIYAH MU'ASHIRAH(MASALAH FIKIH KONTEMPORER) IJTIMA’ ULAMA KOMISI FATWA SE INDONESIA V TAHUN 2015,9 June 2015
288,ISTITHA'AH,HASIL IJTIMA,KEPUTUSAN KOMISI B 2 MASAIL FIQHIYAH MU'ASHIRAH(MASALAH FIKIH KONTEMPORER) IJTIMA’ ULAMA KOMISI FATWA SE INDONESIA V TAHUN 2015,9 June 2015
289,PRINSIP-PRINSIP PEMERINTAHAN YANG BAIK MENURUT ISLAM,HASIL IJTIMA,HASIL KEPUTUSAN IJTIMA’ ULAMA KOMISI FATWA SE- INDONESIA IV TAHUN 2012,1 July 2012
290,KRITERIA KETAATAN KEPADA ULIL AMRI (PEMERINTAH) DAN BATASANNYA,HASIL IJTIMA,HASIL KEPUTUSAN IJTIMA’ ULAMA KOMISI FATWA SE- INDONESIA IV TAHUN 2012,1 July 2012
291,PERMINTAAN DAN ATAU PEMBERIAN IMBALAN ATAS PROSES PENCALONAN PEJABAT PUBLIK,HASIL IJTIMA,IJTIMA’ ULAMA KOMISI FATWA SE-INDONESIA VI TAHUN 2018,9 May 2018
292,PEDOMAN UMUM PENSYAR’IAN PERATURAN PERUNDANG-UNDANGAN,HASIL IJTIMA,IJTIMA ULAMA KOMISI FATWA SE-INDONESIA VI TAHUN 2018,9 May 2018
293,PANDANGAN MUI TENTANG RUU PERTEMBAKAUAN,HASIL IJTIMA,IJTIMA ULAMA KOMISI FATWA SE-INDONESIA VI TAHUN 2018,9 May 2018
294,PANDANGAN MUI TENTANG RUU PENGHAPUSAN KEKERASAN SEKSUAL,HASIL IJTIMA,IJTIMA ULAMA KOMISI FATWA SE-INDONESIA VI TAHUN 2018,9 May 2018
295,PANDANGAN TENTANG RUU LARANGAN MINUMAN BERALKOHOL,HASIL IJTIMA,IJTIMA ULAMA KOMISI FATWA SE-INDONESIA VI TAHUN 2018,9 May 2018
296,PANDANGAN TENTANG KRIMINALISASI TERHADAP LGBT,HASIL IJTIMA,IJTIMA ULAMA KOMISI FATWA SE-INDONESIA VI TAHUN 2018,9 May 2018
297,PANDANGAN TENTANG RUU HUKUM MATERIIL PERADILAN AGAMA (HMPA) BIDANG PERKAWINAN,HASIL IJTIMA,IJTIMA ULAMA KOMISI FATWA SE-INDONESIA VI TAHUN 2018,9 May 2018
298,PANDANGAN TENTANG ALIRAN KEPERCAYAAN TERHADAP TUHAN YME DAN PENGISIAN KOLOM KTP-ELEKTRONIK BAGI PENGANUT KEPERCAYAAN TERHADAP TUHAN YME,HASIL IJTIMA,IJTIMA ULAMA KOMISI FATWA SE-INDONESIA VI TAHUN 2018,9 May 2018
299,PANDANGAN TENTANG RUU LEMBAGA PENDIDIKAN KEAGAMAAN DAN PESANTREN (LPKP),HASIL IJTIMA,IJTIMA ULAMA KOMISI FATWA SE-INDONESIA VI TAHUN 2018,9 May 2018
300,PELAKSANAAN SHALAT JUM'AT BAGI ORANG YANG BERADA DI LUAR DEARAH UNTUK WAKTU TERTENTU,Ibadah,NOMOR 20 TAHUN 2017,20 May 2017
301,CARA PENSUCIAN EKSTRAK RAGI (YEAST EXTRACT) DARI SISA PENGOLAHAH BIR (BREWER YEAST),POM Iptek,FATWA MAJELIS ULAMA INDONESIA Nomor: 10 Tahun 2011,3 March 2011
302,"PELAKSAAN SHALAT JUM'AT, DZIKIR, DAN KEGIATAN KEAGAMAAN DI TEMPAT SELAIN MASJID",Ibadah,NOMOR 53 TAHUN 2016,28 November 2016
303,PERTAMBANGAN RAMAH LINGKUNGAN,Bidang Sosial dan Budaya,FATWA MAJELIS ULAMA INDONESIA Nomor: 22 Tahun 2011,26 May 2011
304,HUKUM VAKSIN COVID-19 PRODUKSI SERUM INSTITUTE OF INDIA Pvt.,HASIL IJTIMA,FATWA MAJELIS ULAMA INDONESIA Nomor : 10 Tahun 2022,7 February 2022
305,PENYALAHGUNAAN ECSTASY DAN ZAT-ZAT JENIS LAINNYA,POM Iptek,Fatwa MUI Tajun 1996,2 September 1996
306,MAKAN DAN BUDIDAYA CACING DAN JANGKRIK,POM Iptek,FATWA MAJELIS ULAMA INDONESIA Nomor: Kep-139/MUI/IV/2000,18 April 2000
307,TRANSPLANTASI ORGAN DAN/ATAU JARINGAN TUBUH DARI PENDONOR HIDUP UNTUK ORANG LAIN,POM Iptek,FATWA MAJELIS ULAMA INDONESIA Nomor : 13 Tahun 2019,8 March 2019
308,NIKAH WISATA,Bidang Sosial dan Budaya,FATWA MAJELIS ULAMA INDONESIA Nomor 02/MUNAS-VIII/MUI/2010,27 July 2010
309,"PRODUK VAKSIN COVID-19 DARI ANHUI ZHIFEI LONGCOM BIOPHARMACEUTICAL CO., LTD.",POM Iptek,FATWA MAJELIS ULAMA INDONESIA Nomor : 53 Tahun 2021,28 September 2021
310,HUKUM PENGGUNAAN SEL OVARIUM HAMSTER CINA (CHINESE HAMSTER OVARY CELL) UNTUK PEMBUATAN OBAT DAN VAKSIN,POM Iptek,FATWA MAJELIS ULAMA INDONESIA Nomor : 30 Tahun 2021,5 May 2021
311,HUKUM HAMSTER CHINA,POM Iptek,FATWA MAJELIS ULAMA INDONESIA Nomor : 17 Tahun 2021,17 March 2021
312,OTOPSI JENAZAH,Bidang Sosial dan Budaya,Nomor 6 Tahun 2009,6 June 2009
313,PENGGUNAAN PLASENTA HEWAN HALAL UNTUK BAHAN KOSMETIKA OBAT LUAR,POM Iptek,30 Tahun 2011,20 July 2011
314,RUU TENTANG HUKUM MATERIL PERADILAN AGAMA BIDANG PERKAWINAN,HASIL IJTIMA,IJTIMA’ ULAMA KOMISI FATWA SE-INDONESIA KE III,26 January 2009
315,PENDAFTARAN HAJI USIA DINI,HASIL IJTIMA,002/MUNAS X/ MUI/XI/2020,26 November 2022
316,HUKUM PENGGUNAAN VAKSIN PFIZER,POM Iptek,NO 48 TAHUN 2021,25 August 2021
317,PEDOMAN PENGAWASAN SYARIAH DI BADAN AMIL ZAKAT NASIONAL/LEMBAGA AMIL ZAKAT,Ibadah,FATWA MUI NOMOR 67 TAHUN 2021,13 December 2021
318,"HUKUM PENGGUNAAN SEL HEK 293 UNTUK PRODUKSI VAKSIN, OBAT DAN PRODUK BIOLOGI LAINNYA",POM Iptek,NOMOR 56 TAHUN 2023,16 August 2023
319,HUKUM MEROKOK,HASIL IJTIMA,KEPUTUSAN IJTIMA’ ULAMA KOMISI FATWA SE- INDONESIA III TAHUN 2009,10 September 2008
320,DISTRIBUSI LAHAN UNTUK PEMERATAAN DAN KEMASLAHATAN (FUNGSIONALISME TANAH),HASIL IJTIMA,IJTIMA’ ULAMA KOMISI FATWA SE-INDONESIA VII,11 November 2021
321,DLAWABIT DAN KRITERIA PENODAAN AGAMA,HASIL IJTIMA,DLAWABIT DAN KRITERIA PENODAAN AGAMA,11 November 2021
322,PANDUAN PEMILU DAN PEMILUKADA YANG LEBIH MASLAHAT BAGI BANGSA INDONESIA,HASIL IJTIMA,IJTIMA’ ULAMA KOMISI FATWA SE-INDONESIA VII,11 November 2021
323,"TINJAUAN PAJAK, BEA, CUKAI, DAN RETRIBUSI",HASIL IJTIMA,IJTIMA’ ULAMA KOMISI FATWA SE-INDONESIA VII,11 November 2021
324,HUKUM ZAKAT PERUSAHAAN,HASIL IJTIMA,IJTIMA’ ULAMA KOMISI FATWA SE-INDONESIA VII B2,11 November 2021
325,HUKUM PENYALURAN DANA ZAKAT DALAM BENTUK ALQARDH AL-HASAN,HASIL IJTIMA,IJTIMA’ ULAMA KOMISI FATWA SE-INDONESIA VII B2,11 November 2021
326,HUKUM ZAKAT SAHAM,HASIL IJTIMA,IJTIMA’ ULAMA KOMISI FATWA SE-INDONESIA VII B2,11 November 2021
327,HUKUM PERNIKAHAN ONLINE,HASIL IJTIMA,KEPUTUSAN IJTIMA’ ULAMA KOMISI FATWA SE-INDONESIA VII,11 November 2021
328,KETENTUAN PEDOMAN PENGGUNAAN PENGERAS SUARA DI MASJID/MUSHOLLA,HASIL IJTIMA,KEPUTUSAN IJTIMA’ ULAMA KOMISI FATWA SE-INDONESIA VII,11 November 2021
329,"PERATURAN MENTERI PENDIDIKAN, KEBUDAYAAN, RISET DAN TEKNOLOGI (MENDIKBUDRISTEK) NO. 30 TAHUN 2021 TENTANG PENCEGAHAN DAN PENANGANAN KEKERASAN SEKSUAL DI LINGKUNGAN PERGURUAN TINGGI",HASIL IJTIMA,KEPUTUSAN IJTIMA’ ULAMA KOMISI FATWA SE-INDONESIA VII,11 November 2021
330,TRANSPLANTASI RAHIM,HASIL IJTIMA,KEPUTUSAN IJTIMA’ ULAMA KOMISI FATWA SE-INDONESIA VII,11 November 2021
331,TINJAUAN PERATURAN TATA KELOLA SERTIFIKASI HALAL,HASIL IJTIMA,KEPUTUSAN IJTIMA’ ULAMA KOMISI FATWA SE-INDONESIA VII,11 November 2021
332,TINJAUAN TENTANG RUU KITAB UNDANG-UNDANG HUKUM PIDANA (RUU KUHP),HASIL IJTIMA,KEPUTUSAN IJTIMA’ ULAMA KOMISI FATWA SE-INDONESIA VII,11 November 2021
333,TINJAUAN RANCANGAN UNDANG-UNDANG TENTANG LARANGAN MINUMAN BERALKOHOL,HASIL IJTIMA,KEPUTUSAN IJTIMA’ ULAMA KOMISI FATWA SE-INDONESIA VII,11 November 2021
334,SENAM YOGA,HASIL IJTIMA,IJTIMA’ ULAMA KOMISI FATWA MUI SE INDONESIA III TAHUN 2009,26 January 2009
335,KONSUMSI MAKANAN HALAL,HASIL IJTIMA,KEPUTUSAN KOMISI B IJTIMA’ ULAMA KOMISI FATWA MUI SE INDONESIA III TAHUN 2009,26 January 2009
336,PERNIKAHAN USIA DINI,HASIL IJTIMA,KEPUTUSAN IJTIMA’ ULAMA KOMISI FATWA SE-INDONESIA III TAHUN 2009,26 January 2009
337,HUKUM DUKUNGAN TERHADAP PERJUANGAN PALESTINA,Sosial Kemasyarakatan,FATWA MAJELIS ULAMA INDONESIA Nomor : 83 Tahun 2023,8 November 2023
338,HUKUM PINJAMAN ONLINE (PINJOL),HASIL IJTIMA,IJTIMA’ ULAMA KOMISI FATWA SE-INDONESIA VII TAHUN 2021,11 November 2021
339,JIHAD DAN KHILAFAH DALAM KONTEKS NEGARA KESATUAN REPUBLIK INDONESIA,HASIL IJTIMA,IJTIMA’ ULAMA KOMISI FATWA SE-INDONESIA VII TAHUN 2021,11 November 2021
340,HUKUM JAMA’ SHALAT DAN PELAKSANAANNYA,Ibadah,FATWA MAJELIS ULAMA INDONESIA No 55 Tahun 2017,13 December 2017
341,PANDANGAN TENTANG WACANA PENERBITAN PERPPU UU PERKAWINAN,HASIL IJTIMA,IJTIMA ULAMA KOMISI FATWA SE-INDONESIA VI TAHUN 2018,8 May 2018
342,MEMBAYAR ZAKAT PENGHASILAN SEBELUM TERPENUHI SYARAT WAJIB,HASIL IJTIMA,IJTIMA ULAMA KOMISI FATWA SE-INDONESIA VI TAHUN 2018,9 May 2018
343,PEDOMAN PENETAPAN FATWA,HASIL IJTIMA,IJTIMA’ ULAMA KOMISI FATWA MUI SE INDONESIA TAHUN 2003,16 December 2003
344,HUKUM CRYPTOCURRENCY,HASIL IJTIMA,IJTIMA’ ULAMA KOMISI FATWA SE-INDONESIA VII 2021,11 November 2021
345,KESEHATAN,HASIL IJTIMA,NOMOR 32 TAHUN 1992,26 June 2006
346,PENGELOLAAN ZAKAT,HASIL IJTIMA,NOMOR 38 TAHUN 1999,26 May 2006
347,DANA TALANG HAJI,HASIL IJTIMA,IJTIMA’ ULAMA KOMISI FATWA MUI SE INDONESIA TAHUN 2012,1 July 2012
348,PENYITAAN ASET PELAKU TINDAK PIDANAN,HASIL IJTIMA,IJTIMA’ ULAMA KOMISI FATWA MUI SE INDONESIA TAHUN 2012,1 July 2012
349,KERUKUNAN UMAT BERAGAMA,HASIL IJTIMA,IJTIMA’ ULAMA KOMISI FATWA MUI SE INDONESIA TAHUN 2012,1 July 2012
350,RUU PERGURUAN TINGGI,HASIL IJTIMA,IJTIMA’ ULAMA KOMISI FATWA MUI SE INDONESIA TAHUN 2012,1 July 2012
351,RUU TENTANG PERUBAHAN UU MAHKAMAH AGUNG,HASIL IJTIMA,IJTIMA’ ULAMA KOMISI FATWA MUI SE INDONESIA TAHUN 2012,1 July 2012
352,MASALAH FIKIH TERKAIT ISTITHA’AH KESEHATAN HAJI,HASIL IJTIMA,IJTIMA ULAMA KOMISI FATWA SE-INDONESIA VI TAHUN 2018,9 May 2018
353,SAFARI WUKUF,HASIL IJTIMA,IJTIMA ULAMA KOMISI FATWA SE-INDONESIA VI TAHUN 2018,9 May 2018
354,BADAL MELEMPAR JUMRAH,HASIL IJTIMA,IJTIMA ULAMA KOMISI FATWA SE-INDONESIA VI TAHUN 2018,9 May 2018
355,PENGGUNAAN ALKOHOL/ETANOL UNTUK BAHAN OBAT,HASIL IJTIMA,IJTIMA ULAMA KOMISI FATWA SE-INDONESIA VI TAHUN 2018,9 May 2018
356,PLASMA DARAH UNTUK BAHAN OBAT,HASIL IJTIMA,IJTIMA ULAMA KOMISI FATWA SE-INDONESIA VI TAHUN 2018,9 May 2018
357,EKSEKUSI HUKUMAN MATI BAGI TERPIDANA NARKOBA,HASIL IJTIMA,IJTIMA’ ULAMA KOMISI FATWA MUI SE INDONESIA TAHUN 2015,9 June 2015
358,MASUKAN DALAM PEMBENTUKAN UNDANG-UNDANG TAHUN 2012,HASIL IJTIMA,IJTIMA’ ULAMA KOMISI FATWA MUI SE INDONESIA TAHUN 2015,9 June 2015
359,PAJAK JANGAN MEMBEBANI RAKYAT,HASIL IJTIMA,IJTIMA’ ULAMA KOMISI FATWA MUI SE INDONESIA TAHUN 2015,9 June 2015
360,PEMBENTUKAN KOMITE NASIONAL EKONOMI SYARIAH,HASIL IJTIMA,IJTIMA’ ULAMA KOMISI FATWA MUI SE INDONESIA TAHUN 2015,9 June 2015
361,PENGAWASAN PENGGUNAAN DANA DESA,HASIL IJTIMA,IJTIMA’ ULAMA KOMISI FATWA MUI SE INDONESIA TAHUN 2015,9 June 2015
362,PENTINGNYA DASAR HUKUM PEMAKAIAN JILBAB BAGI PRAJURIT KORP WANITA TNI,HASIL IJTIMA,IJTIMA’ ULAMA KOMISI FATWA MUI SE INDONESIA TAHUN 2015,9 June 2015
363,PORNOGRAFI DAN PROSTITUSI ONLINE,HASIL IJTIMA,IJTIMA’ ULAMA KOMISI FATWA MUI SE INDONESIA TAHUN 2015,9 June 2015
364,REKRUTMEN PIMPINAN KPK PRIODE 2015-2019,HASIL IJTIMA,IJTIMA’ ULAMA KOMISI FATWA MUI SE INDONESIA TAHUN 2015,9 June 2015
365,RUU TENTANG LARANGAN MINUMAN BERALKOHOL,HASIL IJTIMA,IJTIMA’ ULAMA KOMISI FATWA MUI SE INDONESIA TAHUN 2015,9 June 2015
366,MINYAK DAN GAS BUMI,HASIL IJTIMA,IJTIMA’ ULAMA KOMISI FATWA MUI SE INDONESIA TAHUN 2015,9 June 2015
367,TINJAUAN TERHADAP PERUNDANG-UNDANGB YANG BERLAKU,HASIL IJTIMA,IJTIMA’ ULAMA KOMISI FATWA MUI SE INDONESIA TAHUN 2015,9 June 2015
368,TINJAUAN UMUM,HASIL IJTIMA,IJTIMA’ ULAMA KOMISI FATWA MUI SE INDONESIA TAHUN 2015,9 June 2015
369,USUL PEMBENTUKAN UNDANG-UNDANG,HASIL IJTIMA,IJTIMA’ ULAMA KOMISI FATWA MUI SE INDONESIA TAHUN 2015,9 June 2015
370,PEMBERDAYAAN EKONOMI UMAT,HASIL IJTIMA,IJTIMA ULAMA KOMISI FATWA SE-INDONESIA VI TAHUN 2018,9 May 2018
371,PRINSIP-PRINSIP UKHUWAH SEBAGAI PILAR PENGUATAN NEGARA KESATUAN REPUBLIK INDONESIA,HASIL IJTIMA,IJTIMA’ ULAMA KOMISI FATWA SE-INDONESIA VI TAHUN 2018,9 May 2018
372,BANK MATA DAN ORGAN TUBUH LAIN,HASIL IJTIMA,KEPUTUSAN IJTIMA’ ULAMA KOMISI FATWA SE- INDONESIA III TAHUN 2009,26 January 2009
373,PRINSIP AJARAN ISLAM TENTANG HUBUNGAN ANTAR UMAT BERAGAMA DALAM BINGKAI NEGARA KESATUAN REPUBLIK INDONESIA,HASIL IJTIMA,KEPUTUSAN IJTIMA’ ULAMA KOMISI FATWA SE- INDONESIA III TAHUN 2009,26 January 2009
374,PENGGUNAAN HAK PILIH DALAM PEMILIHAN UMUM,HASIL IJTIMA,KEPUTUSAN IJTIMA’ ULAMA KOMISI FATWA SE- INDONESIA III TAHUN 2009,26 January 2009
375,PENYELENGGARAAN IBADAH HAJI,HASIL IJTIMA,KEPUTUSAN IJTIMA’ ULAMA KOMISI FATWA SE- INDONESIA III TAHUN 2009,26 January 2009
376,PORNOGRAFI,HASIL IJTIMA,KEPUTUSAN IJTIMA’ ULAMA KOMISI FATWA SE- INDONESIA III TAHUN 2009,26 January 2009
377,PERBANKAN SYARI’AH,HASIL IJTIMA,KEPUTUSAN IJTIMA’ ULAMA KOMISI FATWA SE- INDONESIA III TAHUN 2009,26 January 2009
378,KOMPILASI HUKUM EKONOMI SYARIAH,HASIL IJTIMA,KEPUTUSAN IJTIMA’ ULAMA KOMISI FATWA SE- INDONESIA III TAHUN 2009,26 January 2009
379,PENDIDIKAN AGAMA DAN KEAGAMAAN,HASIL IJTIMA,KEPUTUSAN IJTIMA’ ULAMA KOMISI FATWA SE- INDONESIA III TAHUN 2009,26 January 2009
380,Hukum Perlindungan Perubahan Iklim Global,Sosial Kemasyarakatan,Fatwa MUI Nomor 86 Tahun 2023,10 November 2023